Огноо,Төрөл,      Өлгий,      Алтай,      Улиастай,      Тосонцэнгэл,      Улаангом,      Ховд,      Цэцэрлэг,      Баянхонгор,      Булган,      Эрдэнэт,      Арвайхээр,      Хархорин,      Мөрөн,      Хатгал,      Чойр,      Дархан,      Сайншанд,      Замын-Үүд,      Мандалговь,      Даланзадгад,      Ханбогд,      Сүхбаатар,      Баруунхараа,    Зүүнхараа,      Зуунмод,      Чойбалсан,      Баруун-Урт,      Өндөрхаан,      Улаанбаатар,Төрөл
200501,их,-10.6,-3.1,-10.5,,-24.7,-15,0.7,-7,-7.6,,-3.6,,-9.2,,,-14,-3.6,,-4.4,-2.1,,,-11.9,,-6,-9.8,-9.8,-9.4,-8,их
200502,их,-5.9,-2.6,-7.6,,-25.3,-17,0,-6.3,-4.1,,-1.7,,-9,,,-13,-2.9,,-6.7,-1.1,,,-14,,-8,-9.7,-10,-18.6,-8,их
200503,их,14.2,11.4,13.7,,-4.7,10.2,16.5,13.5,15.2,,15.1,,15.4,,,14,17.1,,16.7,18,,,15.5,,12,14.6,16.7,16.9,12.9,их
200504,их,23,19.9,19.6,,26,24.9,22.4,22.7,21.5,,22.3,,20.9,,,21,28.4,,24.3,26.5,,,21.3,,19,20.1,22.5,24.2,20.2,их
200505,их,23.3,18,20.4,,24.3,25,23.3,20.8,24.1,,21.5,,24.2,,,28,31.2,,25.9,25.4,,,27.8,,22,28.1,28.2,27.6,24.2,их
200506,их,29.4,31.6,31.6,,32.5,33.1,31.2,32,33,,31.6,,24.2,,,36,39.5,,38.1,37,,,35.8,,33,38,35.7,36,35.6,их
200507,их,30.5,28,31.8,,35.4,32.4,30.8,33.4,36,,33,,35.4,,,39,42,,37.2,37.8,,,39,,34,40.6,39.7,37.9,36.5,их
200508,их,29,23.8,20.6,,31.5,30,29.2,29.5,31.5,,28,,28.5,,,37,37,,33.8,34,,,36.6,,31,37.5,37,26.1,33.4,их
200509,их,24.8,21.4,23.9,,25.3,27.5,26.7,24.5,27.1,,25.5,,25.4,,,30,33.7,,32.4,31,,,27,,26,34,32.3,32,27.5,их
200510,их,14.8,14,14,,18.9,18,16,14.4,17.3,,14.4,,15.8,,,19,22.8,,20.2,23.7,,,20,,15,25.2,23,21.3,16.8,их
200511,их,5.2,4.8,5.6,,8.5,10,8.4,8.1,10.1,,8.9,,8.8,,,11,15.8,,10.6,14.4,,,12,,7,13,11.7,11,10.3,их
200512,их,-4.1,-4.1,-10.3,,-7.8,-5.9,1.5,-0.8,-0.5,,2.2,,-0.3,,,-4,-1.1,,0.9,4.3,,,-7.8,,-6,-4,-4.1,-3.5,-3.3,их
200601,их,-4,-0.4,-4,,-21,-1,-0.1,-2.4,-3.2,,-0.1,,-7.9,,,-12,-7.8,,-0.8,5.1,,,-2.6,,-6,-6.4,-3.8,-3.6,-5.4,их
200602,их,5.4,5.8,0.2,,-11.1,6,8.7,4.8,4.9,,7.2,,4.1,,,3,7.5,,7.8,9.1,,,3.2,,0,3.4,3.3,5.2,2.9,их
200603,их,12.5,12,12.4,,3.4,18.4,15.4,14.5,15.4,,15.2,,15.4,,,15,20.6,,14.9,19,,,16,,10,10.7,17.9,13.4,12.2,их
200604,их,22.5,22.6,23,,21.6,28,19.8,24.9,19,,23,,19.3,,,18,23.2,,22,28,,,19.9,,18,19.1,20,20.5,18.3,их
200605,их,22.2,19,21.2,,25.2,25.4,23.8,23.9,26.7,,24,,25.5,,,31,31,,28.6,29.8,,,30.9,,25,32.2,32.9,30.7,27,их
200606,их,28.2,24.8,28.7,,32,31.8,23.9,29.5,30.3,,28.6,,33.2,,,33,34.2,,30.3,32.6,,,30.9,,26,30.3,31.8,31.5,28.4,их
200607,их,31.7,28.5,32.5,,32.5,34,30.1,32.2,31,,30.1,,34.2,,,34,35.7,,34.2,34.3,,,34.1,,30,31.1,30.8,34.4,33,их
200608,их,29.2,28.4,31.4,,31,32,26.4,30.9,31.2,,30.3,,31.3,,,35,36,,34.1,34.1,,,36,,30,32.5,34,33.3,31.6,их
200609,их,22.6,24.2,24.6,,24.2,28.4,26,24.4,26.3,,25.5,,26.6,,,30,30.4,,28.8,31.9,,,30.5,,26,30,28.2,30.3,28,их
200610,их,17.2,15.1,18.4,,20.1,19.4,20,16.5,22,,18.7,,20.3,,,26,25,,20.8,22.1,,,25,,19,26.2,25,24.5,20.9,их
200611,их,10.6,8.1,8,,8.9,16.2,12.5,9.8,12.3,,12.8,,10,,,14,14.7,,12.1,18.5,,,13,,8,13.5,12.1,12.3,8.5,их
200612,их,2,2.5,-4,,-9.3,-0.5,3.2,1,-2.1,,4.6,,-2.1,,,-4,-1.3,,-0.6,2.5,,,-0.1,,-3,-5.6,-6.1,-4.5,-5.5,их
200701,их,3.5,3.1,-6.1,,-17.9,-7.8,5,0,-1,,5.4,,-0.7,,,-5,-1.7,,-1,6,,,-3.4,,-5,-8.2,-7.3,-4.5,-4.6,их
200702,их,6.5,7.9,6.5,,-6.5,7.3,10,9.1,6,,7.7,,9.1,,,9,12.9,,7.8,11,,,12.2,,6,7.1,6.5,10.3,11.1,их
200703,их,9.4,12.6,10.7,,1.7,11,11.4,10.1,13.2,,12.5,,12.8,,,14,13.8,,12.9,15,,,14,,8,8.6,14,11.8,11,их
200704,их,20.3,16.1,19.9,,22.5,22.8,18.6,17.6,24,,19.2,,24.8,,,26,27,,20.4,21,,,25.9,,20,28.9,24.6,25.5,21.8,их
200705,их,26.2,24.8,25.6,,28.5,29.6,27,27.3,27.6,,27.6,,27.9,,,30,30.7,,30.4,29.8,,,32,,29,32,30,30.8,31.4,их
200706,их,30.7,25.8,29.6,,32.6,33.5,32.9,31.2,34.3,,30.9,,31.8,,,39,38,,34.9,34.5,,,35.1,,33,40.7,38,37.8,35.4,их
200707,их,32.2,29.4,33,,33.4,36,33.1,31.1,36.1,,29.8,,35.6,,,40,37.4,,33.4,33,,,40.6,,35,40.2,38.1,39.5,38,их
200708,их,30,28,31.4,,32.5,32.5,29.8,29.3,34.1,,27.1,,34.6,,,36,36,,34.1,33.3,,,35,,32,36.7,35,35.2,33.8,их
200709,их,27.4,18.5,21.7,,30,28.2,23,21.5,26.3,,22,,26.9,,,31,31,,27.8,28,,,30.1,,25,32.7,30.9,30.8,27,их
200710,их,13.9,12.7,15.7,,17.3,17,19.2,15.6,18.5,,17.5,,19.5,,,22,23.6,,21.1,21,,,22,,18,26,22.4,23.9,19.8,их
200711,их,9.2,5.7,9.5,,1.6,9.2,14.4,6.4,7.5,,10.4,,5.4,,,8,8.8,,8.3,13.5,,,9.6,,5,10.6,8.3,11.1,7.8,их
200712,их,-0.1,-1.2,-5.2,,-11,-2,2.3,-5,-3.1,,0.2,,-5.7,,,1,0,,-0.3,0.5,,,-2,,-2,-6,-5.4,-4.3,-3.8,их
200801,их,-7.6,-7.4,-11.8,-17,-25.8,-14.4,-3.6,-10.9,-7,-6,-2,-3,-10.2,-12,,-11.5,-4.9,-3,-5,-2.1,-2,,-11.4,-10,-7.3,-12,-11.6,-12,-11.8,их
200802,их,3.7,2,-4.2,-9,-16.8,1.6,4.4,-1.5,3.6,0.8,2.4,4,2.5,-0.7,,1,7.4,6,4.5,4.7,8,,-0.8,-2,-1.3,3.4,5.2,4.3,1.3,их
200803,их,9.5,8.7,9.5,10.2,3.8,13.5,13.1,10.9,14.6,11.3,11.6,5.3,15.3,10.1,,14.3,16.3,19.9,11.6,14,17.6,,13.5,5.5,8.7,13.8,13.9,13.4,11,их
200804,их,18.5,18,18,19,21.3,22.6,20.8,21,25.9,25.2,20.6,24,21,19.5,,30.2,27.2,28.6,25,25.7,27.9,,30,30,23.5,27.3,26.7,28.1,20.4,их
200805,их,29,21.8,23.8,23,29.4,27.3,24.4,23.6,28.4,26.5,24.5,27,24.5,21.4,,31.1,35,33.5,29.4,30.3,34,,30.7,30,26,24.5,28.9,28.8,28.6,их
200806,их,30,25.7,29.7,29.6,36.5,33,29.4,29.1,33.1,32.9,28.6,32,32.6,29.2,,38.4,36.7,34.9,34.2,32.9,35.7,,38.6,37,31,32.8,33.6,35,34,их
200807,их,31.6,25,28.6,28.6,33.3,31,29.1,30.9,32.3,31.3,30.1,31,31.9,26.6,,35.4,36.8,37.5,34.4,34.1,36.5,,35,34,31.5,34.2,36.4,36.8,34.8,их
200808,их,34.1,29.3,30.4,30.5,35.7,35.5,32.4,32.6,32.3,30.8,32.4,35,33.5,29.1,,35.3,39,39.2,38.3,37,37.6,,35,35,32.5,37.6,39.1,40.4,33.6,их
200809,их,22.2,21,22.6,20.8,23.6,24.7,25.7,23.7,26.4,24.8,24.3,28,23.4,20.8,,29,31.5,31.5,27.9,28,30,,28.1,28,21.8,27.4,27.1,26.2,24.6,их
200810,их,15,17.8,14.3,14,16.5,18.6,17.5,19.9,18.3,16.6,18.2,9,18.8,14,,19.2,19.8,23.4,18.8,24.4,24.3,,19.6,9.8,13.5,18.6,18.3,20.9,15.8,их
200811,их,8.1,6.6,6.4,3.7,2.1,12.8,9,7.1,10.2,7.6,8.6,10,8.9,4.8,,11.3,12.6,12.3,10.1,13.1,14.2,,10.6,11,4.8,9.2,8,16,7.4,их
200812,их,3.3,-2.8,-3.1,-4,-4.6,8,2,0.3,-2,-2.4,1.4,1,-1.5,-2.8,,-2.2,0.8,2,1.5,5.7,4.7,,-2.2,-4,-4.9,-0.6,-2.5,-1.6,-6.7,их
200901,их,-1.3,1.3,-7.9,-10.8,-19.7,1.6,0.9,-0.3,-2.6,-4.2,0,1,-5.9,-5,,-8.8,-6.5,-0.1,-0.9,4.5,4.5,,-8.8,-8,-4.9,-9.8,-8.5,-1.7,-6.8,их
200902,их,1.9,0.7,-1,-2.6,3.4,6.5,4.8,1.8,5,4.1,4.5,6,1.8,0.7,,0.5,10,1.1,4.9,11.4,8.9,,4.9,6,0.2,-1.5,-0.3,1.5,0,их
200903,их,13.5,8.9,10.7,6,-2.4,15.2,9.9,11.8,7.5,7,10.6,12.5,12.9,8.7,,9.7,18.6,21.2,15.9,18.3,21.9,,9.9,9.6,6.3,9,11.2,7.7,6.9,их
200904,их,20.8,17.1,21,20.6,19.5,23.5,23.4,20.3,26.2,25,21.3,24,24.9,22,,28.4,25.6,25.8,23.8,24.7,26.5,,27.9,29,21.6,25.2,23,25.2,24.1,их
200905,их,24.3,22.4,25.8,25.2,23.3,28.2,27.1,26.1,29.8,28.5,26.8,28,28.1,25,30.6,32.6,33.2,33.7,29.2,31.1,33.7,32.9,31.1,34,27.1,32.6,30.5,30.6,29.8,их
200906,их,25.2,24.8,27.1,28.2,29.7,31.4,31.3,30.6,30.6,28.4,30.1,32,30.5,27,31,31.7,35,35.1,32.3,35.3,33.7,34,32.5,31,26.7,29.6,33.3,29.3,30,их
200907,их,28.7,26.4,30.4,31.4,32.3,32,29.5,30.5,30.4,28.1,30.7,31,31.5,24.9,32,33.7,36.3,35.6,33.1,33.6,36,34.4,32.8,27,30.7,34.9,34.4,32.6,33.3,их
200908,их,27.8,26.7,29,29.8,32.2,31,29.1,30,33.8,31.9,30.7,32,31.1,26,33.7,36.2,36.7,37.8,34.2,33.4,36,38.1,35.2,33,30.5,35.4,35.8,34.2,32.5,их
200909,их,21.4,19.9,22.2,21.5,24.5,24.1,25.3,23.7,25.5,24.2,23.9,26,24.4,19.6,29.6,29.3,31.5,31.7,28.5,29.8,31.5,29.2,27.9,28,26.1,29.2,29.9,29.6,28.7,их
200910,их,18.6,15.2,17.9,17.5,18.3,20.8,18.2,17.4,18.8,17.9,18.4,19,19.7,15.7,18.4,19.5,19.7,19.2,18.7,20.7,21.2,20,18.2,18,15.1,16.9,16.2,19.7,17.9,их
200911,их,19.4,7.6,8.7,9.8,5.8,16.5,12.4,9.6,16.2,13.7,11.8,15,11.1,7.9,10.5,16.4,15,16.2,13.2,16.1,16.3,15.8,17.5,17,8,10.1,10.3,5.5,9.5,их
200912,их,0.2,-1.7,-6.6,-10.9,-12.1,-0.6,0.7,-4.6,-2,-2,2.2,2,-0.6,-2.6,-5.8,-5.6,-0.4,1.9,-1.2,6.3,0.1,-6.7,-3.6,-5,-3,-8.4,-4.3,-7.1,-5.2,их
201001,их,-2.4,0,-0.2,-2,-20.7,1.3,1.5,-1.1,-4,-3.5,4.2,5.2,-7.4,-7,-9.6,-3.9,-6.2,-3.3,-3.7,9.4,0.1,-4.7,-5,-7.9,-1.5,-3.7,-6.2,-9.5,-7.4,их
201002,их,-1.4,-0.1,0,-2,-19.1,4.2,2.9,0.2,0.2,0,5.2,6,1.2,-2,-1.4,-5.4,7.5,10.8,3.1,8.9,13.2,-6.4,-4.1,-4,-2.1,-0.5,-0.2,-0.6,-4.6,их
201003,их,10.6,5.9,8.1,7,-0.7,16.5,14.2,11.5,12.8,9.6,14.6,15,10.6,0.2,6.6,13.1,18,17.3,13.3,21.1,2,11.9,12.7,13,5.1,4.4,16.5,6.2,7.8,их
201004,их,21.8,18.5,21.4,21,23.8,23.1,20.7,20.1,23.6,22.7,19.4,24.8,25.2,21.8,21,24.9,23.6,22.4,21.4,23.8,24.8,24.9,24.3,23.8,19.4,20,19.5,21.6,22.3,их
201005,их,24.2,22.1,23.7,24,29.5,27.8,25.6,24.8,30.5,28.6,25.5,27,29.2,25.3,28.4,32.9,31.3,30.9,28.2,28.6,29.8,30.8,31.7,32,26.7,32.3,31.1,30.4,29.5,их
201006,их,31.6,29.6,32.7,31.6,35.5,33.7,32.1,32.6,36.2,34.9,32.2,34,33,29.2,36.4,39.8,39.6,38,36.1,37.4,37.3,39.4,39.1,40,35.5,41.2,39.8,39,38.3,их
201007,их,29.4,28.4,30.9,27.4,32.1,31.8,29.6,34.1,32.2,30.4,32.9,35,29.1,27,38.2,35.6,41.3,42.4,37.8,39.9,42.2,35.4,34,35,34.1,39.3,38.7,41,37.4,их
201008,их,28.2,26.9,30.9,30,29.2,31.8,28.4,30.2,29.6,28.1,28.2,29,30,27.3,30,32.4,34,34.3,30.1,32.1,33.7,31.1,31,32,28.1,32.7,31.9,30.9,30.1,их
201009,их,26.9,22.7,26,25.2,29.1,28.1,27.7,26.2,29.7,28.9,26.5,30,27.4,25.8,28.9,31.5,32.9,33.5,30.5,29.6,31.6,29.8,32.4,33,28.3,33.8,30.8,31.6,31.5,их
201010,их,19.4,15.1,18.5,18.1,19.7,23.3,20.8,11.4,22.2,21.2,20,22,21,19.6,22.6,26.5,27.4,27.5,22.3,24.5,26.9,23.7,24.2,25,19.6,26.2,25.2,25.7,21.9,их
201011,их,7.7,8,10.5,2.7,5,11.8,13,10.4,12.3,10.8,12.1,12,8.8,5.3,11,11.5,12.2,14,11.8,13.7,15,7.5,13.3,12,8.7,12.2,10.3,10.4,8.1,их
201012,их,5,4,4,0,-4,12,6,3,4,4,5,6,4,1,0,2,5,6,4,12,7,-7,2,3,-1,-8,-4,-6,-3,их
201101,их,-9,-6.8,-12.5,-20.8,-24.2,-14.4,-0.3,-9.8,-12,-6.9,-7.3,-11,-13.4,-12.3,-7.4,-9.5,-8.6,-4.6,-7.4,-4.9,-3.6,-12.7,-11.2,-10,-5.1,-7.7,-13,-8.4,-10.5,их
201102,их,1.4,0.1,-0.9,-10.5,-12.9,-4.5,3.9,-1.3,-4.5,0.4,2.6,4,-5.3,-3.7,5.2,-0.5,4.9,8.1,2.2,8,9,-3.2,-1.8,2,-1.2,2.8,-1.2,5.7,1.8,их
201103,их,9.8,7.6,8.4,5.1,-1.8,12.8,10.8,10.4,6.4,7.7,10,8,13.6,7.7,14.2,12.2,19,19,14.2,15.9,19.2,11.1,14.2,15,9.6,16.7,16.8,16.4,12.6,их
201104,их,21.6,16.7,19.6,20,22.5,24.5,21.7,19.7,24,23.2,22,23,23.8,19.6,22,25.8,26.1,25.8,24,25.4,26.7,24.6,25.9,26,20.6,21.5,19.1,19.8,23.5,их
201105,их,23,20.1,22.4,22.4,26.5,26.2,24,24.3,28.1,26.2,24.3,27,25.8,20.4,28.4,31.5,30.6,30.5,28.6,28.6,31.4,29.4,30,30,23.9,26.7,27.5,26.7,26.8,их
201106,их,26.8,24.6,26.6,25.5,30.7,28.3,26.2,28.2,28.6,28.3,28.7,30,28.5,23,32.9,32.5,35.7,35.3,22.7,34.1,36.6,31,31.1,33,30.2,36.2,34.3,35.1,32.1,их
201107,их,31.9,30.7,33.4,33.3,34.8,35.6,29.9,31.5,32.7,32.4,30.1,32,35.5,31.5,33.2,36.2,34.7,37,33.3,34.7,34.8,35.6,33.9,34,28.1,33.7,33,31.5,29.7,их
201108,их,27.3,26.3,28.5,28.6,32.9,30.4,28.6,30,28.3,29.6,29.4,30.2,30.9,27.7,34.4,33.7,36.8,38,35.4,37.5,37.7,32.6,34,33.9,30.8,36.5,36.5,33.7,31.8,их
201109,их,23.2,20.2,22.2,22,25.7,25,22.4,24,24.1,23.3,23.1,24,24.7,22.1,25,29.4,29.4,28.1,26.1,27.5,29.1,26.2,29.1,29,23.7,28.3,26.8,26.3,23.9,их
201110,их,19.1,15.4,17.4,16.9,17.6,20.9,18.5,18.2,19.5,19.5,19.8,21,18.9,16.3,21,21.6,21.3,23.5,22,23.1,25,18.5,18.5,22.7,19.3,21.6,19.5,22,22,их
201111,их,5,4.3,7.2,2.8,4,6.9,11.4,3.7,6.5,7,8.6,10,5,5,4.9,9.1,8.2,11.7,6.3,11.2,13.1,6.5,11.9,13,6.6,7,5.5,7.6,9.3,их
201112,их,-7.7,-3,-7.3,-9.6,-9.9,-5.6,-1.7,-6.1,-6.6,-1.1,-2.1,-3,-6.2,-7.9,-12.8,-7.4,-6.4,-5.9,-5,-0.6,-0.9,-5.6,-12.4,-8,-8.5,-1.9,-5.7,-2.5,-11.4,их
201201,их,-9.6,-6.5,-12,-20.2,-24.4,-12.5,-0.4,-7.8,-6.9,-5.6,0.2,-3,-6.2,-7.9,-13,-12.6,-11.4,-5.5,-8.7,-4.8,-2.1,-11.1,-15,-2.9,-8.5,-18.1,-12.4,-12.6,-11.6,их
201202,их,-1.5,-1.7,-5.2,-13.6,-19.9,-5.7,-1.1,-0.7,-4.5,-5.1,0.5,-4,-5.3,-10.5,-3.6,-5.3,-0.2,1.6,-0.8,4.5,7.4,0.3,-7.1,-6,-7.5,-6.3,-3.3,-5,-6.4,их
201203,их,9.4,7.8,9,2.5,-1.4,2.8,12.6,11.7,15.5,14.3,11.5,15,12.8,7.4,14.4,18.8,15.9,15.9,13.5,15.1,16.5,20,20,17,11.3,11.6,14.1,15,14,их
201204,их,17,14.8,16.6,16.6,19.2,20.8,17.8,17.5,21.1,18.6,18.3,19,18.2,12.3,23.3,21.8,29.1,27.9,22.1,24.2,27.8,21.2,22.2,21,20,27.2,26.5,25.4,21.7,их
201205,их,23.7,21.6,25,25.2,27.7,26.5,25.6,24.3,28.1,27.5,25,27,27.5,23.6,31,33.3,34.4,33.5,30.9,29.9,34.5,32.5,32.7,33,27.5,30.4,31.3,31,29.5,их
201206,их,31.3,28.3,32.6,29.8,33.8,33.5,29.4,32.6,30.6,28.4,30.1,30,30.5,28,31.8,33.7,35.1,34.8,34.1,35.1,37.2,32.2,34.1,31,30.5,34,35.1,34.8,32.7,их
201207,их,29.6,27,29.8,29.5,33.3,30.6,26.9,30.5,27.9,27.1,30.5,30,28.4,23.3,31.9,30.2,33.4,33.5,31.8,34.9,35.7,30,30.6,30,27.4,32.5,32.9,32,29.4,их
201208,их,26.9,25.3,28.9,29.6,30.1,31,26.3,29.7,28.9,28.8,27.5,31,33,25.5,32,35.1,34.8,34.5,31.9,34,34.5,33.4,34,34,29,35.8,35.1,32.4,30.9,их
201209,их,22.6,22.1,25.3,23.6,27.2,29,24.6,25.1,26.2,26,25.2,25.3,28,24.6,29.5,31.1,31.8,29.8,28.1,28.9,29.3,27.5,30,30,24.9,31,29.7,30.4,27.4,их
201210,их,14.8,10.4,14.8,14.5,16.1,17,15.5,13.5,19.3,17.7,15.5,19,16.7,14,17.8,21.3,22.9,24.4,18,18,21.6,20,21.6,21,16,24,22.9,22.7,17.8,их
201211,их,4.3,3.7,7.5,0.2,-0.3,7.2,11.3,0.9,10,8,9.9,11,3.8,1.9,8.6,8.4,12.4,11.5,9.2,13.5,14.1,6.2,9.8,11,6.5,11.7,11.6,12.4,8.1,их
201212,их,0.2,-1.9,-8.7,-14.4,-13.4,-4.6,-1.6,-8.1,-6,-8.4,-4.7,-6,-13.3,-12.1,-8.7,-13.6,-1.3,-4.2,-4.5,-0.3,-0.6,-11.5,-15,-14,-9.9,-9.9,-7.7,-10,-9.5,их
201301,их,2.9,1.5,-6.2,-13.2,-20,4,3,-2.4,-1,1,2.7,0,-5.1,-6.9,-4.3,-4.5,3.5,1,1.7,5.9,6.7,-8.2,-8.3,-6,-2.6,-5.2,-5.5,-8.5,-7.1,их
201302,их,0.6,-2,-2.1,-6.2,-8.7,2.2,0.5,-0.7,-0.2,-1.8,-0.5,8,-1.8,-6,-3,1.3,5.6,5.8,0,7.7,11,-2.6,0.5,3,-3.5,-0.7,-4.7,-3.2,-2.5,их
201303,их,13.3,9.4,9.3,6.3,10.7,17.9,14,11,11.5,10.8,16,16,11.5,6.8,13.4,8.6,20.8,20.6,7.5,19.3,21,5.5,10.9,11,8,7.2,12.4,13.9,9.6,их
201304,их,20.6,19.3,20.6,20.8,23.7,24.3,20.7,21.1,13.5,20.1,20.6,21,22.6,16.9,19.8,23.9,26.3,24.2,23.3,25.3,27.5,24,23.2,23,17.4,23.4,21.4,20.1,19.5,их
201305,их,21.6,20.5,25.7,22.5,24.5,25.5,24.9,23.1,28.1,26.6,24.2,26,27.4,25.8,31,32.5,35.5,32.9,29.5,30.8,35,30.3,32.1,31,27.1,31.7,30.1,31.9,28.7,их
201306,их,27.8,22.7,26.2,28.8,30.8,31.9,27.6,27.2,28,25.4,27.7,29,29.4,23.5,32.6,34.6,36.3,36,31.1,33.4,37.5,31.4,32.3,32,27.5,31.8,32,30.9,29.5,их
201307,их,27.2,27.9,28.3,26.9,32.4,30.1,29.2,29.6,28,26.2,27.9,32,30.4,23.5,30.9,32.2,38.2,36.3,32.5,35.2,39.4,31,31.8,32,28.6,31.2,30.9,30,30,их
201308,их,27.4,26.1,26.8,23.9,28.7,28.9,23.9,26.8,24.2,24,25.1,27,25.4,23,30.3,29.2,38.5,36.1,31.7,35.2,35.5,28.6,28.4,27,25.5,30.2,31.1,28.7,27.4,их
201309,их,25.2,21.6,24.5,24.8,26.2,27.8,24.6,23.8,24.1,23.2,23.8,26,24.5,22.2,27,27.6,31.3,29.4,26.8,28.7,30.6,26,29.5,28,25,27.2,27.1,29.2,26.5,их
201310,их,19.6,15.5,17.5,17.6,14.6,25.2,20.4,19.4,19.7,18.2,19.9,22,21.2,16,20.2,17.1,26.5,28.3,23.6,24.2,29,14.5,22,22,18.5,18.5,22.7,20.1,20.2,их
201311,их,6.9,4.9,7.5,7.1,7.6,9.6,12.5,6.8,11.4,10.4,12,13,8.5,6.2,9.4,13.5,13.2,13.1,9.7,12.8,13.9,12.5,13.8,13,8.8,14.3,11.2,12,9.1,их
201312,их,3,1.7,-6.4,-5.8,-6.3,-1.1,3.2,1.6,0,-0.4,3.1,2,-0.1,-4,0.5,-0.4,2.1,4.5,2.4,6.7,7.8,0.2,1.1,-2,-2.4,5.4,2.5,2.5,-3.1,их
201401,их,0.4,1.7,-3.5,-6.7,-15.5,2.7,7.2,1,-0.1,1,3.2,4,0,-1.6,0.4,-4.5,4.1,0.6,2.8,8.8,6.4,5.2,-6,-4,0.9,-2.4,-5,-1.6,-3.7,их
201402,их,3.7,0,-1.8,-5.5,-11.2,1.7,6.3,2,5.1,3.9,5.7,8,4.6,0.5,4.5,0.4,9.2,11.2,5.8,10.4,11.4,-0.2,4,4,1.9,7.9,4.7,7.3,2.1,их
201403,их,11.5,10.3,10.7,1.9,-1.3,14.2,13.1,13.7,14,11.6,13.5,13,13.3,9.4,16,16.8,21,20,15.8,17.2,19.7,16.8,13.5,16,11.9,15,15.6,15.6,12.1,их
201404,их,17,16,20,20,22,23,21,19,23,23,20,22,22,17,25,28,28,29,29,25,27,27,26,27,22,29,27,27,23,их
201405,их,22.5,24.5,27.3,27.8,29.9,28.4,29.5,29.7,32,30.1,29.8,30,31.9,25.6,33,34.5,37,34.8,33.6,33.3,34.1,34.1,34.4,34,31.8,36.4,34.4,33.9,32.6,их
201406,их,26.9,22.2,28,27.9,32.3,28.7,25.6,26.7,31,26.9,26.8,28,30.7,23.7,34.1,33.9,36,32,31.5,31.2,36,31.7,34.1,33,27.5,34.6,31.3,33.6,29.6,их
201407,их,29.4,27.4,30.7,29.8,35.1,33.6,29.5,30.2,30.5,28.8,28.5,30,33.2,27.4,34.5,34.9,41,39.8,34.8,36.7,41.4,31.7,35.4,35,32,33,37.9,34.3,32.5,их
201408,их,29,26.3,30.6,30,32.7,34,30.2,29.9,30.9,29.8,29.6,32,30.9,25.8,31.7,33.9,36.4,36,31.5,33.7,35,31.4,32.5,32,29.1,32.5,32.6,33.4,29,их
201409,их,29.2,23.2,26.7,28.7,26.9,32.4,28.1,27.5,29.8,28.3,28.1,31,31.8,27.6,31,33.5,34.5,31.8,30.8,30,31.4,31.4,31.2,32,30.9,33.1,33,32.5,31.7,их
201410,их,14.6,13.2,14.9,15.7,17.4,19.3,17.4,17.1,16.6,15.8,17.3,19,14.7,12.3,18.1,20.5,25.3,25.4,19.2,23.5,26.1,18.2,19.7,19,13.9,19.8,18.8,20.3,17.1,их
201411,их,6.8,5.8,8,6.8,5,7.4,11.3,6,13.4,10.9,10.6,8,7.4,0.2,10.6,11.3,11.1,10.9,9.2,11.5,10,9.8,10.4,9,9.5,12.2,4.9,11.7,9.2,их
201412,их,-2.7,-1.8,-5.2,-7.3,-7.6,-2.8,-0.5,-1.5,-1.1,-2.9,0.6,1,-4.6,-8.8,-1.8,-8.3,-0.9,-0.2,0.6,5,2,-7,-8.5,-8,-2.1,-1.8,-5.6,-1.9,-6.3,их
201501,их,-0.1,3.4,-5.2,-3.8,-16.5,4.9,7.5,4.6,1.6,1.7,5,5,-2.9,-3.8,0,-6.5,2.1,5.3,4.1,5.8,7.5,-8.2,-3.7,-3,-1.1,0,-2.9,-1,-3.6,их
201502,их,5.3,4.2,-1.1,-4.1,-10.6,7.3,8.3,4.6,6.7,5,8,9,4.2,1,7.5,0.3,9.2,9.6,6.7,-12.9,10,-2.6,1.8,2,1.6,8.6,4.6,8.4,2.7,их
201503,их,13.9,11.1,11.3,10.4,7.4,16.5,18,14,18.9,17.1,16.9,18,16.1,12.4,18,18.3,19.4,21.2,18,17.4,20.3,14.5,19.5,19,14.3,19.3,19.2,19.3,17.5,их
201504,их,22,22,24,25,21,25,25,24,27,26,24,27,26,22,30,31,29,32,30,30,31,32,30,30,27,28,29,29,27,их
201505,их,23,19,23,24,28,27,26,24,30,29,26,28,27,24,29,34,34,32,29,31,34,32,33,32,27,32,32,30,28,их
201506,их,28.4,25,27.7,28.9,32.8,31.1,28.6,26.8,32.7,31.2,28.1,35.9,32.7,28,34.3,37,33.6,35.2,31,31.2,34.2,36.1,36.4,35,30.3,34.2,32.8,35.4,31.1,их
201507,их,32,30,33,32,38,37,30,31,34,33,30,33,34,28,34,39,36,36,34,34,35,37,39,38,32,38,37,37,34,их
201508,их,30.8,27.6,31.8,31.8,33.9,35.4,30.3,30.4,34.2,33.2,31.1,32,35.3,31.5,32.8,38.2,36,36,34.9,33.1,34.1,36.1,35.8,35,31.4,35.5,34.3,34.4,33.7,их
201509,их,24.3,20.6,22.2,23,26,29,24,24,26.1,25.1,24,27,26.5,23.3,27.1,30,28.9,28.8,27.6,27,29.2,29,29.7,30,25.9,31.1,28.5,29.1,27.3,их
201510,их,16.6,15.5,18.3,19.1,23.5,21,18.4,18.4,21.1,20.2,19.8,21,21.2,17,24.5,23.8,25.7,25.9,22.8,23.6,25.8,22.1,23.5,23,18.8,24.7,25.6,24.8,20.2,их
201511,их,9.8,9.9,8.9,8.6,2.9,12,13.4,10.2,15.6,14.2,14.8,14,9,10.2,12.3,11.4,17.3,16.7,13.3,18.9,16,9.6,13,11,10.3,16.5,15.6,14.7,10.3,их
201512,их,0.6,0.1,-5.7,-4,-0.7,2.8,3.4,-3.3,0.5,-0.1,2.1,2,-2.3,-3.4,-8,-5.5,-5.8,-0.8,-4.4,4.3,2.2,-6.9,-5.1,-4,-2.9,-2.8,-9.3,-7.3,-6.9,их
201601,их,-1.7,-4,-4.9,-15.5,-18,-4.5,-2.9,-5.6,-8.4,-6.1,0.6,-2,-11.3,-10.3,-8.6,-10.6,-7.1,-3,-8.2,5.6,2,-12.3,-12.4,-14,-7.7,-9.6,-14.9,-10.5,-12.3,их
201602,их,7.5,3.2,0,-1,-12,-4,8.7,4.7,2.4,4.4,7.9,5,4,2.6,0,-1.2,3.2,7.1,3.1,7.2,7.8,-1.3,-2.8,-3,2.5,-1,-3.9,0,-1.2,их
201603,их,13.5,10.3,11.9,7.6,3.9,16.3,14.5,13.3,16,14.6,14.5,14.2,14.6,10.7,17,16.6,22,21.7,17.3,18.3,21,17.4,15.4,16,11.6,15.3,16.8,17.3,12.7,их
201604,их,19.9,16.1,18,16,23.8,21,16.8,18.7,19.8,19.8,18.6,19.8,17.5,12.6,20.5,24.4,27,29.6,22.5,25,27,22.6,22.6,22.7,17.3,24.6,25.1,21.3,18.7,их
201605,их,22.2,20.1,23.1,21.5,28.1,26.8,24.5,23.4,26.2,24.9,24.7,26.8,25.5,20.6,29.4,29.5,33.1,32.4,28.7,28.6,32.2,29.5,29.7,28.4,27.1,34.9,33.6,32.6,28,их
201606,их,29.2,24.5,26.9,26.3,31.3,33.3,25.3,24.9,27.9,26.3,25.1,28.7,27.7,23,29.2,32.7,33,32.4,28.9,29.6,32,32.1,32.3,32,28.2,33.4,31.6,31,29.4,их
201607,их,28.9,29,32.2,31.6,33,32.1,34,32.7,31.8,31.3,31.1,34,32.9,28,38,35.4,38,36.7,36.4,36.7,36.7,35.9,36.7,37.2,33.4,40,37.9,39.1,34.6,их
201608,их,27.9,29.8,34,32.7,27.4,30.5,33.5,32.7,33.5,32.8,31.8,34,36.9,28.6,37.4,37.4,39,37.6,36.4,37.3,38.5,36.5,38.5,39.7,34.9,41.9,39.7,39.2,36.7,их
201609,их,25.5,22.5,25.6,24.8,27.4,28.5,24.3,24,24.7,22.7,24.1,25.3,26,21,25.5,26.6,27.5,28.8,24.6,29.6,29.5,26.5,26.6,27.3,22,23.1,23.6,24,22.8,их
201610,их,13.2,17.4,17.1,17.4,16.2,19.4,18.1,16.1,20,19.2,16.5,20,15.3,12.9,16,22,21.8,27.6,18.3,22.1,24.9,21,22.6,23,17.5,22.5,20.9,20.2,18.8,их
201611,их,11.9,11.9,10.2,10.9,0.1,17.9,15.9,6.5,14,6.2,15.9,16.6,7.4,5.2,11,0.3,15.7,17.2,13.5,17.4,18.2,0.8,6.3,6.6,10.5,-2.6,5.3,0.9,6.7,их
201612,их,1.2,2.4,-4.1,-8.8,-13.7,2.3,6.8,-0.2,2.7,2.9,6,6.6,-3.9,-2.8,1.8,-2,3.5,6.9,4,8,6.6,-5.1,-4,-3.9,2.7,-3.1,-3.4,-4.2,-4.3,их
201701,их,-1.1,1.7,-4.4,-9.9,-19.4,-0.3,1,-3.9,-4.5,-3.2,1.5,-1.6,-5.2,-7.7,-5.5,-9.9,-1.9,3.4,0.6,8.8,7.8,-11.4,-10.7,-8.8,-2.7,-9.1,-8,-8.7,-4.8,их
201702,их,6,3.1,0.4,-5.5,-12,6.3,3.3,-0.2,0.5,1.1,4.8,1.6,0.5,-0.5,4.1,-0.7,7.6,9.8,4.4,11.4,10.2,-1.8,-1.8,-2.2,-0.4,-0.7,0.5,0.5,-0.8,их
201703,их,12.3,9.2,8.9,3.3,3.3,15.5,14.4,6.3,12.9,13,9.3,11.2,13.3,9.1,13.4,18,14.9,12.9,12.3,12.5,13.8,16.5,16.9,16.6,10.6,13,13.3,14,13.1,их
201704,их,20.1,16.5,19.8,20.3,24.9,22.3,21,20.3,24.2,22.8,21.4,22.4,23.7,18.5,24,26.6,25.6,25.8,23.5,24,26.8,27.3,26.2,25.5,20.6,23.2,23.7,25.4,23.1,их
201705,их,26.9,24.5,26.9,28.3,30.1,30.7,29,28.4,32.7,31.6,29.1,31.8,32.3,27.4,34.4,36.4,36.7,37.6,36.8,32.8,36.1,35.2,35.7,35,29.6,35.9,36.4,35.8,31.4,их
201706,их,30.5,27.4,31.5,31.8,35.5,32.7,33.3,33,35.5,34.6,34,36.4,33.6,28.7,35.5,37.4,39.6,37.4,36,37.3,38.7,36.4,38.9,38.4,32.8,39.2,37.5,36.2,34.5,их
201707,их,30.7,29.7,32.8,33,34.4,34.9,33.9,33.2,35,32.8,34,35,33.9,27.5,39.3,38.6,39.8,39.8,39.5,37.6,40.4,36.4,38,38.3,34.6,37.1,40.1,36.6,36.9,их
201708,их,28.5,26.5,30.3,28.9,31.8,31.4,25.9,30.3,30.2,29.2,28,31,30.9,25,28.2,31.2,33.7,34.1,31.3,33.1,34.5,33,33.5,32,27.6,31,29.7,29.3,29,их
200501,бага,-37.9,-37.3,-41,,-45.2,-42.2,-31.5,-36,-35.4,,-26.2,,-40.1,,,-35,-28.2,,-29.2,-27.6,,,-39.7,,-34,-31.4,-29.7,-38.1,-33,
200502,бага,-37.1,-39.8,-42.3,,-46.6,-43,-32.6,-36.8,-38.2,,-31.6,,-40.7,,,-40,-27,,-32.9,-27.6,,,-41.8,,-35,-31.9,-32.5,-39.4,-35.4,
200503,бага,-28.9,-28,-30.6,,-37.5,-31.5,-26.8,-23.5,-30,,-23,,-33.6,,,-27,-20.3,,-23.8,-21,,,-32.2,,-31,-27.2,-23.2,-24.8,-28.2,
200504,бага,-11.7,-21.9,-19.6,,-14.1,-12.4,-10.5,-12.5,-13.4,,-10.2,,-11.1,,,-11,-8.5,,-10.9,-6.9,,,-14.2,,-13,-7.9,-12,-18,-13.9,
200505,бага,-7.5,-16.4,-10.7,,-5.2,-6.3,-8.1,-8.7,-10.8,,-7.1,,-9,,,-5,-2.8,,-6.1,-5.5,,,-6.6,,-9,-4.6,-5.2,-8,-8.4,
200506,бага,2,-3.3,-1.1,,3,2.5,0.2,1,-0.2,,2.6,,2,,,5,8.1,,3.9,3.4,,,2.7,,0,5.8,6.1,2,2.1,
200507,бага,8.4,4,7,,9.3,10.4,8.2,8.3,4.6,,6,,8.4,,,12,7.5,,11.8,13.4,,,8.6,,4,13.1,12,16,9,
200508,бага,10,6.9,-1,,11.3,11.2,9.4,10.8,8.6,,3,,9.6,,,7,9,,10.6,15.6,,,11.2,,2,10.2,9.7,8.3,10.1,
200509,бага,-4.1,-7.2,-6.8,,-3.9,-3,-4.7,-3.6,-7.7,,-3.3,,-5.6,,,-1,2.1,,-3.4,-0.5,,,-1,,-5,-0.6,0.1,-5,-3.3,
200510,бага,-10.5,-18,-13.2,,-7.2,-10.4,-8.4,-11,-13,,-10,,-10.1,,,-5,-5.6,,-7.9,-8.3,,,-8.8,,-12,-11.3,-9.3,-10.7,-8.8,
200511,бага,-21.2,-28.7,-25.9,,-20.3,-24.4,-17.6,-19.5,-23.4,,-17.5,,-19.1,,,-20.1,-14.2,,-16.2,-15.3,,,-20,,-20,-18.3,-18.1,-22.3,-17.6,
200512,бага,-28.7,-34.6,-36.2,,-38.6,-33,-32,-28.1,-37.3,,-28.1,,-31.7,,,-32,-25.6,,-27.8,-26.2,,,-33.7,,-31,-31,-31.1,-35.1,-31.3,
200601,бага,-31.2,-36,-39.6,,-40.5,-32,-28.2,-33,-35.2,,-25.5,,-34.6,,,-35,-25.8,,-26.8,-26.6,,,-34.1,,-29,-34.5,-30.8,-34.8,-31,
200602,бага,-22.6,-29.9,-34.2,,-39.7,-25.1,-32.6,-26.6,-40.2,,-31.6,,-32,,,-38,-31.6,,-32.5,-28,,,-38.5,,-38,-33.5,-35,-29.8,-37.3,
200603,бага,-22.4,-27,-30.5,,-34.3,-21.9,-24,-23,-25.6,,-22,,-23.5,,,-23,-19.9,,-20.7,-20,,,-23.9,,-23,-21.7,-21.2,-17.6,-21.4,
200604,бага,-16.6,-20.9,-19.8,,-10.5,-11,-16.2,-14.5,-17.3,,-16.2,,-17.4,,,-11,-10.3,,-12.1,-9.6,,,-16,,-16,-14.3,-15,-16.5,-15.9,
200605,бага,-9,-12,-9.4,,-6,-2.5,-8.9,-8.8,-7.6,,-5,,-4.9,,,-4,-1.7,,-5.3,-3.5,,,-6.8,,-8,-2,-3.2,-5.9,-6.2,
200606,бага,-1.9,-6.9,-4,,0.1,-0.9,6.9,-0.5,-0.3,,0.3,,0.3,,,3,5.2,,1.9,3,,,2.5,,1,3.1,3.7,-0.1,2,
200607,бага,6.6,2.9,5,,8.6,7.3,4.3,5.2,5.3,,7.3,,7.6,,,11,14.2,,10.5,11.2,,,9,,5,10,11.4,6.5,6.6,
200608,бага,3.9,0.9,1,,3.3,6.9,2.3,5.2,1.5,,4.2,,2.7,,,5,11.6,,6.3,9.7,,,6,,4,5.3,6.3,3.4,5.3,
200609,бага,-4.3,-5.6,-6.3,,-0.6,-0.9,-4.2,-3.5,-5.2,,-2.7,,-2.4,,,0,0.9,,-2.7,-0.9,,,-1.8,,-6,-4.8,-4.5,-5.6,-3.3,
200610,бага,-9.8,-10.5,-12.2,,-10,-9.3,-11.8,-11.1,-11.5,,-12.8,,-16.3,,,-10,-8.4,,-11.4,-6.9,,,-11,,-16,-12,-12,-15.5,-12.6,
200611,бага,-21.4,-27.2,-28.6,,-21.5,-22.2,-20.5,-22,-29,,-18.9,,-27.3,,,-25,-19.8,,-22.8,-21.6,,,-27.1,,-25,-29.2,-24,-27.7,-24.9,
200612,бага,-21.2,-27.4,-29.1,,-31.9,-25.4,-23.4,-23,-29.8,,-21.3,,-28.2,,,-27,-23.3,,-25.6,-21.9,,,-26.6,,-27,-28.9,-27.5,-31.2,-27.3,
200701,бага,-27,-29.3,-31.7,,-35.8,-31.4,-22.7,-26.8,-30.5,,-19.7,,-30.5,,,-31,-25.1,,-24.7,-20.9,,,-29.6,,-26,-29.2,-27,-30.8,-26.8,
200702,бага,-18.8,-22.3,-28,,-33.5,-24.4,-18.8,-20,-25.1,,-17.3,,-23.6,,,-24,-19,,-19.7,-14.9,,,-25,,-21,-25.2,-24.9,-26.2,-22.6,
200703,бага,-21.5,-25.6,-26.6,,-30.9,-21.4,-22.3,-28.1,-25.4,,-21.1,,-21.6,,,-23,-18.6,,-23,-20.7,,,-28,,-27,-25.8,-25.6,-34.4,-26.5,
200704,бага,-14.8,-11.1,-14.8,,-10.2,-13.9,-11.8,-13,-12,,-12.1,,-10.5,,,-8,-8,,-11.6,-9.6,,,-8.8,,-12,-10.6,-12.4,-11.5,-12.7,
200705,бага,-4.1,-5.4,-6.5,,0,0,-1.1,-3.5,-4.5,,-1,,-1.8,,,1,2.7,,-0.7,0.5,,,-0.3,,-2,1,-0.1,-3.4,-1.7,
200706,бага,-3.2,-5.2,-1.8,,1,1.9,0.6,0.5,-4,,0.5,,1.5,,,1,7.2,,1.2,3.3,,,0.2,,-1,5.2,5.6,4.7,0.5,
200707,бага,9.2,5,7.6,,11.1,10.6,7.7,10.5,7.6,,9.5,,9.8,,,7,15.1,,12.3,12.5,,,4.5,,4,8.8,7.8,7.1,7.6,
200708,бага,4.4,2.4,4.2,,5.6,7.2,3.5,5.2,4.4,,5.6,,6.2,,,7,11.2,,7.4,8.7,,,7.5,,8,10.1,9,6.6,8.7,
200709,бага,-7.6,-6.7,-4.7,,-8,-4.3,-7,-4.4,-5.5,,-3.2,,-6.2,,,-3,2,,0.9,3,,,-7,,-6,-0.9,-1.9,-6,-3.4,
200710,бага,-18.1,-20.7,-18.6,,-16.1,-13.1,-13.6,-16.8,-18.1,,-14.4,,-17.7,,,-14,-10.6,,-15.3,-10.7,,,-17.6,,-17,-12.9,-13,-17,-15.2,
200711,бага,-21.4,-22.4,-23.4,,-21.8,-20.3,-20.6,-24,-23.8,,-18.1,,-22.5,,,-20,-19.4,,-18.4,-15.1,,,-23,,-23,-21,-20.7,-24.4,-20.8,
200712,бага,-27.9,-31.2,-34.4,,-38.3,-30.9,-22.9,-30.4,-28.2,,-22.3,,-31.8,,,-26,-21.6,,-23.4,-24,,,-31.2,,-27,-24.4,-24.1,-28,-26.6,
200801,бага,-30.9,-36,-37.2,-48,-44.6,-37.4,-29.9,-33,-35.1,-30,-28.4,-33,-38,-43,,-36.3,-28.7,-31,-31.1,-27.6,-24,,-41.1,-41,-33.9,-35.2,-32.2,-39.9,-33.8,
200802,бага,-30.9,-33.5,-35.4,-45.1,-44.5,-37.2,-29,-32.4,-32.2,-26.6,-23.9,-31,-35.6,-40.8,,-31.5,-26,-28,-27.9,-26.6,-22.4,,-36.8,-36,-31.6,-28.1,-29.6,-35.2,-31.6,
200803,бага,-17.9,-21.9,-23,-29.9,-30.1,-17,-14.7,-15.6,-19.3,-14.2,-15.5,-6.6,-14.9,-23.6,,-13.5,-14.5,-14.3,-19.2,-11.1,-10.2,,-17.1,-8.1,-19.7,-14.1,-14.3,-19.4,-18.1,
200804,бага,-13.1,-15.1,-11,-14.7,-11.4,-9.9,-8.6,-10,-13,-11,-6.5,-11,-11.9,-22,,-8.3,-7.1,-5,-8.6,-11.1,-4.9,,-8.9,-10,-12.6,-8.4,-9.3,-12,-10.1,
200805,бага,-6.1,-7.6,-7.7,-8.2,-6.8,-6.4,-7.3,-3.7,-7.2,-4.2,-6.5,-7,-7.2,-12.3,,-4.9,-0.5,-0.5,-5.6,-2.6,-0.9,,-4.3,-4,-7.2,-1.5,-1.9,-4.4,-5.3,
200806,бага,3.5,2,1.4,-0.7,2.1,5.1,1.6,3.4,-1,1.9,3.7,4,4.1,-3.3,,3.1,7.6,6,3.9,6.4,7.4,,0.4,2,-0.2,6.9,5.4,4,1.8,
200807,бага,7.1,3,5.2,3.3,6.9,7.7,4.3,6.1,3.9,5,9.9,6,7.6,1.8,,11.5,11.9,13,8.8,10.4,13.5,,9.6,9,6.7,13,11.4,9.2,9.2,
200808,бага,-0.5,-1.6,-0.3,-0.7,1.9,4.6,1,6.3,-0.2,0.9,1.5,3,2.3,-3.7,,3.3,7.6,5,4.5,5.3,7.5,,0.2,0,-0.1,4.2,5.5,5.1,2.2,
200809,бага,-6.4,-8.6,-5.2,-8.4,-6,-4.9,-5.3,-2.9,-6.8,-2.8,-1.6,-4,-5.1,-9.3,,-2.4,0.3,0.3,-0.3,1,2.1,,-4.9,-6,-6.6,-2.5,-4.4,-5.4,-3,
200810,бага,-10.1,-15.9,-15.7,-18,-8.2,-9.5,-13.6,-14.8,-17.1,-14.8,-9.9,-2.5,-17.2,-24.8,,-11.1,-10.5,-9.8,-12.5,-9.3,-8.1,,-12.3,-4.9,-14.8,-7.3,-11.4,-10.5,-14,
200811,бага,-16,-23.6,-21.6,-29.3,-16.4,-19.7,-17.8,-19.3,-20.7,-18.7,-16,-16,-17.3,-21.6,,-18.9,-17.3,-16,-20.2,-13.6,-12.7,,-19.2,-21,-20.8,-22.2,-23.2,-23.2,-20,
200812,бага,-29.4,-32.5,-34.6,-39.8,-39.2,-33.8,-25.8,-29.1,-35.6,-28.9,-27.2,-27,-28.4,-31.8,,-30.5,-28.6,-30,-29,-26.2,-28.3,,-34.8,-35,-26.2,-28.8,-33.8,-33.4,-32.5,
200901,бага,-30.7,-35.1,-36.8,-43.8,-42.8,-34.9,-29,-34.1,-31.4,-31.3,-29.5,-27,-33.2,-35,,-32.5,-29.3,-30.4,-30.1,-26.5,-25.9,,-34.5,-35,-33.2,-30.4,-32,-33.7,-32.9,
200902,бага,-25.6,-30.3,-35.8,-38.4,-42.5,-27,-30.5,-29.3,-35.3,-31.7,-27,-30,-31.2,-40.5,,-33.9,-26.5,-26.9,-27.5,-23.2,-23.6,,-34.7,-34,-35,-31.9,-33.4,-33.9,-33.3,
200903,бага,-22.3,-29.4,-28.5,-34.3,-37.8,-23.1,-26.6,-20.5,-26.4,-24.2,-22.6,-22.7,-22.3,-27.8,,-23.5,-19.5,-18.5,-23.5,-18.9,-16.5,,-23.7,-23.4,-27.1,-22,-24.2,-26.1,-25.6,
200904,бага,-7.7,-10.6,-7,-8.5,-14,-4.4,-8.8,-7.1,-8.7,-6.1,-7.8,-9,-7.2,-13,,-4.8,-8.6,-12.4,-9.3,-6.5,-3.9,,-9,-10,-11.1,-8.3,-8.5,-10,-8.1,
200905,бага,-0.6,-5.1,-4,-6.3,-2.1,-2.4,-2,-2.5,-4.8,-3.2,-5.4,-2,-1.3,-8.7,-3.6,-0.7,1.1,3,-3.5,1,2.4,-2.9,-3.7,-4,-4.4,-2.8,-2,-3,-4,
200906,бага,2.5,-0.9,0.7,-2.8,0.6,3.4,0.3,0,-2,-0.1,-5.4,1,1.7,-2.5,2,3.6,7.6,8.6,2.5,4.5,2.4,0,3.8,4,-1.1,4.6,2.7,2.7,1.8,
200907,бага,8,3.5,4.4,3.1,4,8,4.2,7.3,6.4,6.7,6.9,7,4.7,1.1,10,8.6,10.4,13.8,10.6,12.5,14.1,7.8,7.3,7,6.4,11.4,11.2,8.5,10.2,
200908,бага,2.6,0.5,0.6,0.2,4.5,5.8,2.5,3.8,2.4,4.8,5.2,5,3.6,-0.1,6,5.8,10.2,10.2,7.1,9,10.3,2.7,6.7,2,2.5,4,7.3,1.1,4.2,
200909,бага,-3.1,-8.4,-8,-8.9,-4.8,-3,-5.1,-5,-7,-3.5,-3.6,-3,-2.8,-5.7,-5.4,-0.6,-0.6,-2.1,-5.9,2,2.1,-5.5,-3.8,-3,-5.4,-2.3,-5,-5.9,-4.4,
200910,бага,-10.7,-13.1,-16.1,-20.8,-10.9,-9.6,-19.7,-13.2,-17.1,-15.9,-13.5,-11,-16.2,-20.7,-14.5,-11.3,-9.8,-10.2,-9.7,-6.3,-5.4,-14.3,-13.8,-14,-15.2,-16.1,-13.2,-21.9,-12.7,
200911,бага,-32.1,-32.1,-34.3,-39.7,-27.1,-27.4,-26,-27.7,-31,-24.4,-21.3,-26,-27.5,-28.1,-27.3,-15.7,-21.6,-24.2,-23.7,-22.1,-20.7,-31.4,-29.5,-29,-29.8,-24.7,-24,-32.4,-25.5,
200912,бага,-26.8,-30.9,-35.1,-46.3,-41.6,-32.7,-33.1,-29.3,-37.6,-31.7,-30.6,-32,-34.5,-35.8,-32.8,-33.3,-30.9,-30,-31.8,-26.1,-24.1,-36.7,-34.8,-35,-35.3,-34.1,-32.2,-38.7,-33.6,
201001,бага,-31.7,-36,-40.4,-46.5,-44.8,-36.9,-36.9,-35,-41.5,-34.2,-31.2,-38.2,-40.5,-40.9,-35.7,-40.8,-33.8,-36.1,-22.1,-26.1,-24.1,-42.8,-42.7,-41.2,-35.6,-37.5,-36.4,-44.3,-35.7,
201002,бага,-32.4,-35.6,-40.4,-48.2,-46.8,-41,-31.4,-30.8,-37.7,-31.8,-28.5,-37,-37,-42.3,-33.6,-38.9,-27.7,-32,-30.9,-27.1,-24.5,-38.4,-39.8,-36,-31.6,-33,-31.2,-40.5,-31.1,
201003,бага,-25.5,-33.2,-37.1,-43.5,-39,-28.2,-28.4,-27.4,-35.2,-29.4,-25.4,-28,-28.8,-39.2,-28.8,-31.4,-20.9,-25.4,-25.5,-24.3,-20.5,-35.7,-32,-33,-30.3,-28.2,-27.9,-38,-29.1,
201004,бага,-20.8,-28.1,-21.3,-26.1,-17.1,-20.6,-19.5,-23.3,-16.3,-15.6,-18.8,-17.9,-17.5,-22.8,-17.6,-11.5,-11.3,-12.7,-16.7,-15.1,-12.9,-14.2,-14.5,-14.9,-18.2,-12.8,-14.4,-16.4,-17,
201005,бага,-5.9,-8.3,-5.9,-6.4,-3.6,-2.1,-4.2,-4.7,-9.2,-2.3,-5.4,-4,-5.2,-9.3,-1.8,-1,0.3,0,-3,-0.7,1.6,-2.4,-3.4,-4,-2.9,-2.3,-2.5,-3.8,-1.5,
201006,бага,4,-0.6,1,-1,4.3,4.4,0.2,-0.1,0.2,0.9,-0.4,0,3.3,-3.3,6.6,3.9,10.7,10.2,3.2,3.2,8.4,2.8,3,3,1.4,8.9,9.4,5.9,3.4,
201007,бага,7.2,6.4,5.1,4.7,6.7,7.5,5,8.4,3.3,4.4,8,6,6.6,-1,7.4,6.4,14.7,15,8.7,13.6,14.9,4.2,4.8,5,4.4,10.2,10,6,7.4,
201008,бага,3,0,1.7,-0.8,3.9,3.7,1.1,3.2,-0.9,1.8,3.5,4,3.8,-2.7,4.9,5.2,9,7.9,3.6,8,10,3.5,2.2,2,1.8,6.8,5.9,4,2.4,
201009,бага,-1.8,-7.1,-6.8,-10.4,-2.4,-0.8,-4,-3.2,-9.3,-6.4,-4.9,-4,-4.7,-10.6,-6,-6.9,-0.6,0.2,-4.1,2.6,2.3,-7.7,-7.6,-9,-7.6,-2.1,-4.9,-5.4,-5.3,
201010,бага,-10.9,-16.4,-14.1,-23.3,-7.7,-9.9,-9.8,-13.3,-12.2,-12.1,-10.5,-8,-10.3,-18.8,-12.6,-8.1,-11.9,-12.4,-12.1,-10.2,-10.4,-10.7,-12.4,-10,-11.5,-14.7,-16.4,-17.3,-9.8,
201011,бага,-20,-23.3,-29.9,-35.2,-21,-24.7,-24.6,-21.4,-28.5,-22.3,-23.4,-26,-24.4,-30.4,-24,-26.9,-20.1,-18.2,-24.4,-17.7,-15.2,-31.7,-26,-26,-26.4,-26,-26.6,-30.5,-23.9,
201012,бага,-28,-31,-36,-46,-38,-29,-31,-33,-38,-33,-29,-35,-40,-43,-32,-36,-28,-30,-32,-27,-24,-39,-38,-38,-34,-34,-36,-38,-33,
201101,бага,-34.7,-38.9,-41,-47.9,-45.3,-40.8,-33.5,-36.8,-37.5,-31.9,-29.7,-35,-37.7,-42.2,-30.5,-37.9,-31,-32,-30.3,-28.8,-26.2,-39.2,-39.4,-37,-33.8,-32,-33,-38.5,-32.5,
201102,бага,-25.4,-29,-33.9,-39.5,-41.8,-32.9,-27.3,-25.4,-31.3,-24.9,-22,-25,-29.9,-34.3,-24.6,-28.4,-24.5,-24,-24.9,-22.7,-16.3,-32.1,-30,-28,-27.6,-29.1,-31.2,-31.6,-27.5,
201103,бага,-21.5,-31.3,-30.4,-35.9,-33.6,-26.7,-23.2,-26.3,-29.3,-21.2,-18.8,-22,-22.5,-31.1,-24,-24.7,-19.4,-19.5,-24,-18.2,-13.9,-27.3,-28.2,-27,-25.9,-23.3,-22.8,-26.5,-27.1,
201104,бага,-7.9,-12.5,-12.8,-18,-15.9,-8.6,-10.4,-12.4,-15,-11.1,-11.1,-10,-9.7,-19.4,-11.5,-9.3,-9.5,-10.6,-9.3,-6.2,-7.2,-11.2,-12.9,-13,-11.3,-12.5,-10.7,-16.5,-10.2,
201105,бага,-7.2,-8.4,-9.9,-10.8,-5.7,-2.7,-7.3,-8.4,-6.6,-5.5,-6.3,-7,-7.9,-14.1,-4.9,-2.7,-1.6,-0.4,-5.1,-1.8,-0.4,-3.6,-4,-4,-6.9,-0.6,-3.3,-2.6,-5.4,
201106,бага,7,2.4,5.4,3.1,7.7,7.5,5.1,5.4,3,5.3,6.1,5,6.3,0.3,7,6.5,10.8,7.9,8.2,10.4,11,5.5,4.1,4,3,6.7,6.7,2.4,5.9,
201107,бага,3.8,-0.4,2.1,2.1,3.6,5.3,3.5,4.4,1.6,5.1,2.1,5,5.9,1.4,7.6,7.7,10.5,12.9,7,8.4,11,6.7,4.6,5,4.1,11.6,7.7,7.9,6.1,
201108,бага,1.4,1.8,-1.3,-2.1,1.9,3.5,2.6,6.4,3.3,4.9,6.6,6.9,1.7,-5.6,6.3,6.6,12.6,11.1,9.5,10.1,13,5,4.5,4.2,3.3,7.3,7.8,5.6,5.7,
201109,бага,-5.6,-7.8,-8.9,-10.6,-4.8,3.2,-5.6,-8.9,-13.1,-6.8,-4.8,-7,-7.2,-13.3,-8,-4.5,-4,-2.6,-6.5,-2.8,-1,-3,-7.3,-7,-8.4,-3.6,-5.8,-12.2,-6.9,
201110,бага,-11.2,-14.9,-16.4,-18.9,-8.4,-11.5,-7.2,-13.3,-12.8,-8.1,-8.7,-8,-11.4,-17.8,-7.7,-8,-6.9,-7.5,-10.3,-6.5,-4.2,-11,-11,-7.2,-9.7,-7.6,-9.7,-11.5,-7.7,
201111,бага,-20.1,-23.3,-27.4,-36.4,-17.5,-19,-20.4,-23.9,-28.8,-8.1,-20.4,-22,-29.9,-33.3,-24.9,-24,-23,-24.9,-25.7,-14.6,-16.5,-22.1,-25.4,-23,-24.1,-7.6,-24.6,-30.8,-24.6,
201112,бага,-32.6,-30.3,-34.1,-43.1,-37,-30.2,-24.2,-26.1,-35.6,-25.8,-23.1,-30,-34.7,-38.3,-32.2,-32.4,-30,-30.5,-28.4,-24,-20.3,-29.4,-32.1,-33,-29.8,-31.9,-31,-34.4,-31.5,
201201,бага,-37.2,-38.4,-40,-49.6,-43.2,-37.8,-30.5,-31.4,-39.2,-33.3,-29.2,-33,-36.2,-45,-36.1,-40,-30.2,-32.4,-33.1,-30,-25.5,-41.5,-43.3,-13,-37.6,-37.2,-37,-42.4,-37,
201202,бага,-27.1,-33.7,-37.9,-47.8,-44.9,-35.5,-27.3,-29.2,-29.4,-41,-25.3,-35,-36.2,-43.4,-33.5,-37.8,-31.4,-31.9,-31,-25,-23.2,-36.6,-40.9,-39,-34.9,-32,-34.8,-37.5,-34.4,
201203,бага,-31.7,-29.8,-30.7,-41,-36.8,-24.5,-20.7,-25.5,-28.8,-23,-22.3,-23.1,-24.3,-35.1,-25.1,-24.6,-20.1,-20.1,-22.9,-22.6,-19.5,-24.3,-24.3,-27.2,-25,-26.8,-23.2,-29.9,-23.9,
201204,бага,-18.5,-13.4,-10.3,-15.3,-9.4,-9.3,-12.2,-15.7,-13.5,-12.4,-9.9,-9,-12.1,-18.5,-9,-8.5,-5.1,-7.2,-8.9,-8.5,-4.6,-9.9,-9.9,-11,-11.5,-9.1,-9.5,-10.8,-9.7,
201205,бага,-6.2,-9.1,-7.7,-9.8,-2.8,-2.8,-4.6,-6.3,-4,-2.7,-4.1,-7,-4.9,-13.2,-0.2,-0.3,2.1,1.3,-3.7,-0.4,2.4,-1.3,-1.9,-3,-5.2,-4.8,-0.9,-4.4,-2,
201206,бага,7.5,0,1.6,-0.6,5.7,9,0.8,2.4,-0.5,0.3,3.1,4,3,-1.7,0.6,6.2,6.3,6.9,1.9,7.9,6.6,6.5,4.7,7,1.6,5.4,5.1,1.3,4,
201207,бага,9.8,6.9,7.2,4.4,10.1,10.6,6.3,7.5,9,8.7,7.8,10,7.4,2.5,9.4,11.1,14,14.6,9.7,11.9,15,9.6,8.3,8,5,10.2,10,8,7.5,
201208,бага,1.7,-1,0.8,-1.5,5.1,4.5,1.1,2.2,-1.4,1,2.4,1,3.1,-4,0.8,3.3,7.1,6.3,2.1,4.6,6.3,2.9,1.9,0,-0.8,3.9,3,2.3,0,
201209,бага,-4.6,-6.7,-6,-7.1,-1.4,-2.4,-5.5,-6.2,-6.1,-3.8,-4.2,-3,-7.1,-9.3,-2.2,-3.5,3.6,-1.6,-3.1,-0.8,2.2,-3.5,-5.9,-3.6,-3.7,-2.5,-4,-3,-1.9,
201210,бага,-16.1,-19.5,-17.7,-22.3,-14.2,-15.1,-13.4,-20.6,-17.1,-13.5,-13.4,-12,-15.3,-23.6,-13.4,-9.8,-6.5,-10,-13.4,-9.2,-7.5,-10.3,-14.7,-16,-15.3,-13.5,-11.5,-14.7,-14.1,
201211,бага,0,-28,-30.6,-36.6,-23.4,-22.6,-24.5,-27.5,-29.5,-26,-24.7,-25,-32.9,-36.7,-29.7,-28.3,-22.8,-22.3,-27.5,-18.9,-19,-31,-33.3,-30,-30.9,-27.5,-28.4,-33.2,-28.4,
201212,бага,-30.3,-34.3,-37,-47.3,-43.1,-31,-27.4,-32.4,-36.9,-31.5,-28,-32,-37.7,-41.2,-36.2,-38.8,-28.9,-32.7,-35.3,-29.1,-23.7,-37.9,-40.9,-39,-34.9,-35.9,-34.6,-39.2,-32.9,
201301,бага,-27.7,-32.9,-33.2,-47.2,-41.2,-32.7,-27.7,-31.5,-36.4,-28.6,-27.4,-34,-39.9,-41,-34.1,-35.9,-29,-34.8,-32.7,-30,-27.1,-35.5,-37.8,-38,-34.1,-33.5,-33.7,-38.3,-33.2,
201302,бага,-29.6,-33.2,-35.7,-41.9,-39.8,-28.8,-27.9,-29.5,-33.7,-28.5,-27.2,-31,-34.5,-38.6,-32.1,-35.3,-27.9,-29.3,-29.5,-23.1,-21.7,-38.4,-36.6,-36,-31.6,-31.2,-31.7,-38.1,-29.9,
201303,бага,-15.4,-18.6,-23.5,-32.5,-31.7,-16.5,-16.3,-19.1,-25.2,-21.5,-15.8,-20,-22.2,-27.1,-22.5,-20,-15.7,-20.8,-20.4,-16.9,-10.5,-25.1,-23,-22,-22.8,-25.4,-25.1,-29.1,-20.8,
201304,бага,-12.2,-18.4,-15.3,-16.1,-8.6,-12.8,-16.6,-16.9,-6.9,-12.3,-16.5,-15,-13,-18.8,-13.5,-10,-9.6,-15.1,-15.6,-11.5,-8.8,-10.9,-12.9,-14,-19,-9.6,-9.8,-14,-14.8,
201305,бага,-4.3,-5.4,-6,-8.4,-4.4,-1.5,-3.6,-5.9,-4.7,-3.3,-2,-2,-4.8,-13.1,-0.6,-2.4,5.6,1.8,0,1.5,3.1,-2.5,-2.1,-2,-3.3,-1.2,0.8,-2.2,-1.1,
201306,бага,2.9,0.3,0.9,-3.7,1.9,5.6,0.1,1.5,-2.3,1.4,1.2,3,0.5,-5.9,2.5,2.3,7.5,7,3.8,5.9,8,1,3,0,0.1,4.2,1.9,0.1,1.8,
201307,бага,6.8,3.2,5.7,3.2,8.6,8.8,4.6,5.9,5.1,6.8,7.5,7,7.9,2.7,9.1,9.5,16.1,13.5,9.9,9.9,14.5,9,8.9,6,5.4,11.3,10.7,8.7,7.3,
201308,бага,5.6,2.9,3.4,3,8.2,5.1,3.9,6,3.2,4.4,4.9,6,7.4,2.4,4.7,6.6,10.7,7.4,6,7.1,9.8,4.9,6.9,3,1.3,6.7,6.9,5.6,3.4,
201309,бага,-9.1,-9.9,-9,-10.7,-5.4,-5.6,-6.8,-5.9,-6.5,-5,-6.5,-5,-5.7,-10.7,-5.2,-2.3,1.3,0.8,-4.9,-2.7,-0.8,-1.8,-4.7,-6,-6.7,-1.1,-3.7,-5.1,-4.2,
201310,бага,-13,-17.9,-17.8,-20,-12.9,-10.5,-15.5,-14.8,-15.3,-14.7,-14.2,-15,-15.4,-27.6,-13.2,-9.3,-5.8,-7.7,-12.9,-11.8,-9.4,-9.5,-11.2,-12,-14.6,-12.9,-9.2,-9.6,-12.4,
201311,бага,-19,-23.8,-26.6,-30.8,-16.9,-25,-18.1,-19.3,-27.4,-22.9,-17.1,-18,-18.3,-29.4,-21,-21.8,-17.9,-20.3,-19.6,-16,-13.6,-24,-19.9,-24,-22.4,-16.9,-21.3,-21,-20.6,
201312,бага,-23.8,-28.3,-31.4,-41.8,-34.4,-30.5,-24,-28.1,-29.9,-25.2,-21.6,-28,-32.7,-41.4,-27.6,-31.2,-22.5,-23.5,-24.7,-21.4,-20.7,-31.6,-32.7,-30,-29.5,-25.1,-31.3,-31.3,-28.7,
201401,бага,-26.2,-30.4,-34.7,-41.9,-38.5,-31.4,-26,-28.2,-33.1,-29,-26.8,-30,-28.9,-38,-30,-30.7,-21.8,-25.4,-26.1,-24.5,-19.6,-34,-34.6,-36,-32.2,-27.9,-31.7,-35.3,-31.6,
201402,бага,-31.1,-33.7,-35.3,-42.8,-42.4,-34.8,-26.9,-30.9,-32,-27,-26.4,-30,-29.6,-35.4,-28.7,-33,-24.1,-26.4,-32.3,-25.1,-22.5,-35.9,-35.8,-35,-30.2,-27.8,-30.7,-29.5,-29.5,
201403,бага,-21,-28.8,-29.3,-34.8,-34.1,-22,-21.8,-22.1,-26.6,-20.9,-18.7,-21,-22.4,-30,-22.3,-26.1,-15.6,-19.4,-21.6,-17.8,-15,-26.6,-30.8,-24,-25,-21.9,-21.8,-27.2,-22.2,
201404,бага,-10,-14,-10,-18.7,-8,-8,-7,-8,-7,-9,-8,-7,-6,-14,-6,-5,-4,-2,-6,-3,0,-5,-6,-6,-10,-9,-8,-10,-8,
201405,бага,-4.6,-8.1,-7,-8.2,-3.1,-1.6,-6.2,-4.9,-8.7,-4.7,-5.5,-5,-3.7,-17,-7.3,-2.6,-1.2,-2.9,-7.3,-2.8,-1.5,-4.2,-5.3,-6,-9.6,-6.2,-5.9,-8.2,-8,
201406,бага,-0.1,-0.2,-1.9,-2.7,-1.1,2.1,0.9,0.2,-2.6,-0.3,1.7,2,3.3,-5.7,4.4,1.1,12.1,10.1,5.3,8.4,10,0.5,1,0,0.6,7.4,7.7,4.5,0.1,
201407,бага,4.2,5.3,2.8,2.1,7.4,6.4,4.6,7.3,5.5,7.5,7.3,8,6.2,0.4,7.7,10,13.8,11.7,9.5,12.3,14.5,8.9,7.8,7,6,7.7,6.4,5.8,8.4,
201408,бага,2.1,2.1,0,-2.7,1.2,5.6,2.2,4.1,1.7,2.6,5.3,2,1.4,-3,4.3,5.1,11,8.9,5.5,7.1,11,1.8,2.3,3,1.1,5,7.7,4,4.6,
201409,бага,-4.2,-7.7,-7.5,-10.6,7.5,-4.3,-7.4,-4.2,-14.6,-11.3,-9,-10,-5.4,-10.4,-6.7,-8.6,-1,-1.8,-7.5,-1.8,-1.7,-7.4,-7.3,-12,-11.9,-7,-7.2,-8.1,-8.8,
201410,бага,-13.6,-13.8,-15.1,-20.5,-12.2,-13.4,-11.4,-12,-19.3,-10.9,-9.5,-12.7,-14.3,-16.3,-9.5,-9.5,-4.2,-7.7,-9.8,-5,-3.2,-12.7,-12,-13,-13.6,-12,-14.2,-16.6,-8.7,
201411,бага,-25.4,-28.6,-30.9,-33.9,-26.5,-26.1,-24.2,-24.7,-27.6,-24.1,-25,-24,-26.6,-38.6,-23.2,-22.9,-18.1,-16.1,-21.8,-20.6,-18,-25,-25.5,-25,-26.1,-21.7,-22.4,-24,-23.8,
201412,бага,-28.1,-29.9,-31.9,-37,-38.4,-29.7,-26.5,-24.6,-29.6,-25.8,-26.1,-25,-28.5,-33.4,-26.6,-30.1,-23.3,-23.6,-27.3,-23.3,-20.1,-31.8,-34.5,-33,-30.1,-27,-26.5,-31.6,-26.7,
201501,бага,-29.9,-30.2,-33.8,-41.9,-39.6,-28.6,-26.9,-25.7,-32.3,-25.9,-24.6,-27,-32,-39.5,-27.2,-34.1,-23.2,-27.4,-27.1,-24.3,-19.5,-37.8,-34.6,-33,-28.8,-26.6,-28.8,-31.2,-26.7,
201502,бага,-27.8,-26,-38.3,-38.4,-39.9,-28.5,-26,-28.9,-31.6,-23.6,-25,-29,-28.4,-36.8,-24.6,-31.4,-20.4,-24.4,-23.1,-21.6,-17.8,-35.8,-34.5,-33,-29.3,-26.3,-27.6,-28.4,-24.8,
201503,бага,-23.5,-26.6,-30.5,-36.2,-31.8,-25,-23.3,-24.9,-29.1,-23.1,-21,-23,-23.2,-31.2,-22.4,-23.6,-18.9,-19.9,-22.3,-21.8,-15.6,-25.9,-28,-28,-25.5,-23.4,-26,-26,-22.4,
201504,бага,-12,-14,-14,-19,-10,-11,-19,-16,-18,-16,-16,-20,-14,-26,-18,-11,-10,-9,-15,-12,-9,-13,-16,-15,-17,-15,-17,-23,-17,
201505,бага,-2,-8,-7,-10,-4,-2,-7,-6,-10,-6,-5,-6,-5,-11,-6,-4,-3,-2,-5,-3,0,-7,-6,-8,-8,-7,-5,-9,-5,
201506,бага,0.5,-2.1,0.2,-1.4,4.1,2.4,0.2,1,-0.8,0.7,1.9,2,3.2,-3.2,0.6,5,6.3,5.6,3.5,6.5,8,2.8,0.4,1,0.8,5.4,4.2,2.4,3,
201507,бага,5,3,4,2,8,6,4,7,5,8,8,8,7,-1,10,12,12,12,9,8,13,10,10,10,8,10,10,8,10,
201508,бага,4.1,1.2,3.4,3.2,4.5,5.6,2.2,5.3,6,7.7,4.1,6,5.5,2.5,6.4,11.4,10.8,11.8,7.4,9.5,11.5,9.4,8.4,8,5.6,10,10.1,7.6,7.8,
201509,бага,-7,-14.6,-8.1,-11.1,-5.5,-5.5,-7.7,-6.8,-6.2,-3.9,-3.4,-3,-5.7,-14.1,-3.4,-1.6,1.5,2,-3.3,0.1,2.3,-2,-1,-6,-4.2,0.1,-1.5,-5.2,-2.6,
201510,бага,-18.7,-20.8,-17.5,-17.4,-14.5,-13.3,-13.1,-15.4,-12.7,-12.5,-11.1,-12,-13.1,-21.3,-12.4,-10.8,-8.4,-8.4,-8.9,-10.1,-6.5,-11.4,-13.5,-12,-11.8,-9.9,-12.1,-12.3,-8.9,
201511,бага,-27.7,-30.7,-31.9,-35.8,-25.6,-22,-25,-27.8,-33.1,-25.9,-23.8,-28,-29.8,-30.9,-29.8,-26.7,-28.7,-28.9,-29.2,-23.5,-22.1,-31.5,-31.5,-32,-33.3,-27.9,-32.7,-37.6,-30.2,
201512,бага,-21.9,-28.1,-30.3,-39.8,-34.9,-25.5,-23.9,-26.2,-30.4,-24.3,-21.8,-25,-30.9,-35,-27.6,-30.9,-26.7,-27.4,-28.9,-21.7,-17.7,-35.1,-34.9,-33,-30.3,-35.1,-35.2,-36.1,-30.4,
201601,бага,-36.5,-37.2,-39.9,-47.6,-46.8,-39.7,-31.4,-33.2,-34.7,-30,-27.9,-34,-37.9,-35.9,-36,-34.9,-34.3,-34.9,-32.2,-29.3,-29.6,-37.2,-40.9,-40,-35,-34.9,-39.6,-42.6,-32,
201602,бага,-31.2,-33,-36.1,-44.6,-43.5,-36.6,-24.8,-27.4,-30.3,-24.9,-22.7,-27,-33.3,-37.3,-27.5,-28.2,-25.6,-24.6,-27.2,-22.5,-19.8,-29.1,-34.5,-32,-27.9,-26.4,-28.8,-33.1,-26.8,
201603,бага,-22.1,-29.9,-31.9,-36.9,-34.8,-21.2,-22.4,-22.5,-25.4,-22.8,-20.9,-25.3,-23.3,-32.6,-25.3,-25.2,-20.5,-19.5,-21.3,-19.3,-17.9,-26.5,-30.8,-29.5,-25.2,-23.8,-23.1,-28,-24.4,
201604,бага,-9.8,-12.5,-11.7,-11.4,-7.1,-6.5,-9.9,-10.4,-13.5,-9.3,-9.9,-8.1,-10.2,-13.7,-9.7,-5.9,-7.5,-7.1,-7.7,-6.7,-4.9,-7.8,-8.2,-11.5,-11.4,-10.3,-9.7,-13,-8.9,
201605,бага,-9.3,-9.7,-6.8,-7.9,-5,-4.4,-4.1,-6.3,-7.7,-4.8,-5.1,-2.9,-4.3,-7.7,-5.2,-2.1,-1.8,-0.7,-5.5,-2.7,-0.5,-3.2,-4.7,-5.8,-9.1,-0.7,-0.2,-4.2,-7.3,
201606,бага,4.9,2.3,3.9,2.5,8,8.4,4.3,5.4,3,6,5.4,5.6,5.5,1.2,7.2,5.9,10.4,8.7,7.8,8.4,12.2,4,3.6,6,5.1,6.9,7.3,5,6.8,
201607,бага,9.9,7.6,8.3,5.7,11.3,11.3,7.9,9.4,7.2,9.6,10.5,10.4,10.4,4.5,12,10.9,14.9,12.4,11.7,13.1,14.6,10.5,9.6,8,6.7,12.4,10.3,7.7,8.6,
201608,бага,2.2,2.4,1.3,-1.8,3.3,4.6,1.4,4.4,-0.1,2.8,2.4,3.6,2.4,-0.7,3.5,5.5,8.6,9.8,4.2,5.9,8.9,6.1,1.8,1.2,0.5,4.2,6.9,4.2,2.2,
201609,бага,-2.3,-5,-4.5,-3.7,0.1,0.1,-2.8,-1.7,-5.8,-3.7,-1.1,-0.8,-2.3,-4.2,-2.5,-0.8,-1.4,-1.6,-3.2,-1.3,0,-3.6,-2.8,-3.8,-0.4,-1.5,-2,-8.5,-4.1,
201610,бага,-24.2,-24.6,-23.9,-28.3,-17,-21.6,-19.3,-25.5,-22.8,-17.7,-16.9,-16,-19.9,-25.7,-19.6,-21.4,-13.7,-15.9,-17.4,-12.2,-10.7,-22.4,-23.1,-22.3,-21.6,-20.6,-17.7,-25.8,-19.2,
201611,бага,-28,-31.5,-36.6,-42.5,-29.2,-27.1,-28.3,-24,-38.5,-29.5,-22.9,-30.5,-35.9,-34.5,-26.3,-28.9,-24,-21.6,-24.8,-19.8,-20.2,-30.7,-36.2,-35,-30.9,-25.8,-29.9,-35.6,-31.5,
201612,бага,-22,-26.5,-30.9,-39.8,-36,-23.9,-22.5,-26.3,-31.1,-23.2,-22.1,-26.1,-33.8,-30.5,-24.6,-31.6,-23.7,-24.5,-25.6,-22.4,-18.1,-35.3,-34.1,-32.5,-24.5,-29.5,-29.2,-35.8,-26.9,
201701,бага,-27.2,-30.9,-35.2,-44.5,-40.6,-30.9,-30.4,-29.3,-38.7,-30.7,-28.4,-34.7,-35.6,-36.9,-27.8,-35.9,-26.7,-26.3,-26.5,-26.7,-22.8,-35.9,-39.8,-38.9,-32.2,-32,-33.1,-39.3,-31.4,
201702,бага,-25.3,-26,-30.8,-41.4,-39.9,-27.2,-23.4,-29.6,-32.1,-22.4,-22.2,-26,-31.1,-33,-24.6,-30.5,-23.8,-24,-23.5,-21.7,-20.4,-31.7,-31.9,-30.2,-24.9,-29.6,-26.2,-33.2,-25.6,
201703,бага,-22.3,-18.8,-24,-32.3,-26.6,-16.4,-14.1,-19.6,-23.9,-16.8,-12.2,-14.8,-14.6,-25.5,-15.4,-18.7,-15.2,-18.4,-16.8,-13.6,-11.2,-20.3,-22.4,-20.4,-18.3,-21.2,-19.1,-26.5,-15.9,
201704,бага,-7.3,-11.9,-8.9,-16.6,-8.8,-5.8,-6.9,-7,-10.2,-7.7,-4.8,-5.4,-6.7,-15.8,-8,-7,-5.1,-4.6,-9,-1.7,-1.7,-6,-8.2,-9.7,-9.4,-9.9,-9.3,-8.5,-8.2,
201705,бага,-10.9,-13.7,-9.7,-7.9,-8,-10.9,-7.8,-7.8,-8.1,-5.2,-7.5,-5.2,-7.1,-8.6,-7.1,-1.1,-4.1,-2.3,-7.5,-4.3,-3.2,-2.6,-2.6,-3.5,-9.2,-3.4,-3.4,-8.2,-6,
201706,бага,5.1,1.1,0.5,-0.2,5.1,6.2,1.3,-0.3,-0.6,2.6,3.8,3.6,4.9,-2.9,5.7,5,9.9,7.5,4.6,8.8,10.9,3.4,2.7,2.3,2,3.6,5.1,1.2,4,
201707,бага,8.2,6.6,6.6,4.5,8.9,10.6,6.6,9.5,6.8,6.4,10.7,8.6,7.2,2.1,12.4,10.4,15.1,14.1,11,12.8,14,7.5,8.4,8.5,8.4,13,12.8,9.9,9,
201708,бага,2.7,0.4,0.5,-2,2.5,4.1,2.8,3.9,0.2,3,4.2,3,3,-2,1.4,1.8,6.2,7,2.5,6.7,10.1,-1,2.5,1.6,0.5,0.3,0,29,3.4,
